Cundinamarca,CO,Cundinamarca
Antioquia,CO,Antioquia
Meta,CO,Meta
Quindio,CO,Quindio
Santander,CO,Santander
Florida,US,Florida
New York,US,New York
New Jersey,US,New Jersey
Maryland,US,Maryland
Noth Carolina,US,Noth Carolina
Nantes,FR,Nantes
Toulouse,FR,Toulouse
Hamburgo,DE,Hamburgo
Bremen,DE,Bremen
Hong Kong,CN,Hong Kong