profile33331,user00001,Alejandro,Correa,1234567891,CO,Cundinamarca,Bogota
profile33332,user00002,Daniel,Roldan,1234567892,CO,Antioquia,Tamesis
profile33333,user00003,Camila,Jimenez,1234567893,CO,Meta,Villavicencio
profile33334,user00004,Emerson,Arboleda,1234567894,CO,Antioquia,Medellin
profile33335,user00005,Santiago,Hernandez,1234567895,CO,Santander,San Gil
profile33336,user00006,Keyla,Smith,1234567896,US,Florida,Tampa
profile33337,user00007,Liz,Brown,1234567897,US,New York,Brooklyn
profile33338,user00008,Hank,Jones,1234567898,US,New Jersey,Newark
profile33339,user00009,Rosie,Miller,1234567899,US,Maryland,Washington DC
profile33340,user00010,Yaneth,David,1234567810,US,Noth Carolina,Raleigh
profile33341,user00011,Anne,Moreu,1234567811,FR,Nantes,Malakoff
profile33342,user00012,Celina,Fourner,1234567812,FR,Toulouse,Minimes
profile33343,user00013,Albert,Muller,1234567813,DE,Hamburgo,Ottensen
profile33344,user00014,Hilma,Koch,1234567814,DE,Bremen,Walle
profile33345,user00015,Ming,Zhao,1234567815,CN,Hong Kong,Ma Tau Wai